id,name,url
179018611,twitter-clone,https://api.github.com/repos/ibadeeCodes/twitter-clone
138749804,pr-includes-file-change,https://api.github.com/repos/Foodee/pr-includes-file-change
63672858,PapaScoringSoftware,https://api.github.com/repos/AitonGoldman/PapaScoringSoftware
106930649,exhentai-image-cralwer,https://api.github.com/repos/panzer-vor/exhentai-image-cralwer
57048321,template-esnext-fusebox,https://api.github.com/repos/rherwig/template-esnext-fusebox
11788529,chai-xml,https://api.github.com/repos/krampstudio/chai-xml
8210786,marlin,https://api.github.com/repos/OptimalBits/marlin
104866767,haxwheels,https://api.github.com/repos/ScottyFillups/haxwheels
128352833,codesandbox-example-links,https://api.github.com/repos/featurist/codesandbox-example-links
129563301,react-a11y-modal,https://api.github.com/repos/pixelmanya/react-a11y-modal
115643216,frontend-gulp,https://api.github.com/repos/tayfunerbilen/frontend-gulp
2190320,vumi-jssandbox-toolkit,https://api.github.com/repos/praekelt/vumi-jssandbox-toolkit
156810920,gitorm,https://api.github.com/repos/gbkel/gitorm
138334696,openedx-e2e,https://api.github.com/repos/overhangio/openedx-e2e
78430349,engineer,https://api.github.com/repos/oldrivercreative/engineer
107173215,oddcast-tts-demo,https://api.github.com/repos/RauliL/oddcast-tts-demo
153900363,braft-editor-mention,https://api.github.com/repos/sxyy/braft-editor-mention
175074169,Data-Structure-in-javascript,https://api.github.com/repos/aawezk786/Data-Structure-in-javascript
128471241,pack,https://api.github.com/repos/syrjs/pack
129212326,egg-codis,https://api.github.com/repos/wefront/egg-codis
115408809,color-clone,https://api.github.com/repos/bitlucky/color-clone
116542606,fusion-bot,https://api.github.com/repos/leduardo99/fusion-bot
154739227,covid19_live_tracker_LWC,https://api.github.com/repos/sakthivelsfdc/covid19_live_tracker_LWC
181011124,nestjs-starter-project,https://api.github.com/repos/morifky/nestjs-starter-project
63347662,gloomhaven-thearcanelibrary,https://api.github.com/repos/ninjawithkillmoon/gloomhaven-thearcanelibrary
106587824,ng-sudoku,https://api.github.com/repos/dirkluijk/ng-sudoku
29349124,redact-object,https://api.github.com/repos/shaunburdick/redact-object
29465352,Player,https://api.github.com/repos/Innovate-Technologies/Player
138042978,190819_VueTest,https://api.github.com/repos/zxfjd3g/190819_VueTest
151882831,yltui,https://api.github.com/repos/Just-Doing/yltui
174486896,react-webspeech,https://api.github.com/repos/Bunlong/react-webspeech
176320643,react-instagram-authless-feed,https://api.github.com/repos/jamesmoriarty/react-instagram-authless-feed
176944244,werewolf-online,https://api.github.com/repos/chen-daniel/werewolf-online
62174533,create-wxapp-page,https://api.github.com/repos/cantonjs/create-wxapp-page
115284333,SiteSeer-Website-Tracker,https://api.github.com/repos/akash-joshi/SiteSeer-Website-Tracker
42775157,sushi-tool,https://api.github.com/repos/CoderDojo/sushi-tool
86102353,srt-webvtt,https://api.github.com/repos/imshaikot/srt-webvtt
155423822,xuper-wallet-web,https://api.github.com/repos/xuperchain/xuper-wallet-web
56246990,reactjs-todo-demo,https://api.github.com/repos/naiyu/reactjs-todo-demo
12569219,angular-dynamic-forms,https://api.github.com/repos/wbreza/angular-dynamic-forms
151912626,hex,https://api.github.com/repos/constraint-systems/hex
152881097,i-just-want-to-play-tetris,https://api.github.com/repos/hericlesme/i-just-want-to-play-tetris
175207000,courseeater,https://api.github.com/repos/nickmorri/courseeater
175412770,notification,https://api.github.com/repos/rakeshmusturi/notification
116999966,ioBroker.fitbit,https://api.github.com/repos/AI3x/ioBroker.fitbit
42866261,MMM-forecast-io,https://api.github.com/repos/dmcinnes/MMM-forecast-io
156138428,favicons-generate,https://api.github.com/repos/kmkzt/favicons-generate
177300870,kpi,https://api.github.com/repos/michelwright/kpi
177328155,Angular-Truffle-Dapp,https://api.github.com/repos/angular-es/Angular-Truffle-Dapp
